,Posts
0,dharma pal Nice songÔªø
1,Tiza Arellano I love song Ôªø
2,Pr√¨√±√ße≈õ≈õ √Çli≈õ ≈Å√∏v√™ D√∏m√≠√±√∏ M√¢ƒëi≈õ‚Ñ¢ Ôªø I love song Ôªø
3,"Eric Gonzalez 860,000,000 lets make it first female to reach one billion!! Share it and replay it! Ôªø"
4,Analena L√≥pez shakira is best for worldcupÔªø
5,jehoiada wellington The best world cup song ever!!!!Ôªø
6,Kara Cuthbertson I loveÔªø
7,Sudheer Yadav SEE SOME MORE SONG OPEN GOOGLE AND TYPE Shakira GuruOfMovieÔªø
8,Alex John Awesome Ôªø
9,Nirab Valobasha I like shakira..Ôªø
10,Chelsea Andrews Shakira - Waka Waka <br />LOVE THIS SONG!!!!!!!!!!!!!!!Ôªø
11,Kevin Sosa Why so many disliked??????!!!!!!üòØÔªø
12,OldSchool Music I don&#39;t think this song will ever get old Ôªø
13,Stephen Lister Love songÔªø
14,Karol√≠na Hlavat√° wery goodÔªø
15,"DubCedSky Every time I hear this song, I think about Iniesta&#39;s goal against the Netherlands...Ôªø"
16,akita hachiko Whose watching this in 2015. If so hi-5Ôªø
17,Benjy Growls I love this song so much &lt;3<br />Keep em&#39; coming!Ôªø
18,monkey moments i love this song thumsb up to youÔªø
19,Dr.geetanjali sharma Waka best oneÔªø
20,Axy665 5 years later i still love this song¬†<br />~Axy665Ôªø
21,celma joao tomas anacuja anacuja celma joao tomas LikeÔªø
22,Raafat saeed Check out this playlist on YouTube:Ôªø
23,ortiz brown Her voice sounds weird and plus she&#39;s cute for a blondeÔªø
24,"mike the greek gamer Why there are so many dislikes. This song is so... awesome. It sounds like we MUST STOP BE RACISTS!!! If I could, I would like it 1,000,000,000 times!!!!!!!!!!!!!!!!!!!!!!!!!!!!!!!!!!!!!!!!!!!!!!Ôªø"
25,Aveonne Walker Nice love itttttttt wurkkkkkkkkkkkkkkkkkkkkkkkkkkkkkkkkkkkkkkkkkkkkkkkkkkkkkkkkkkkkkkkkkkkkkkkkkkkkkkkkkkkkkkkkkkkkkkkkkkkkkÔªø
26,MikeTheOne42 still watching in 2015...Ôªø
27,Golden Lion Shakira is my favourite singer. WoooooÔªø
28,Coc Chitthu i remember this song!
29,vuong quang LikeÔªø
30,Ryan Ramma Whose who are watching this in 2015. ¬†LIKE!Ôªø
31,"Terry Short Support the fight for your 4th amendment right to privacy in your home.¬† Stop the NSA spying on Americans with the un Patriot Act Renewal. Rand Paul has spent 10.5 hours on the Senate floor in a Protest and Filibuster fighting for our¬† Constitution that this Nation is founded on. Join the fight at Rand Paul dot com. Spread The Word. We Have Someone That Cares About Our Nation.¬† Email your Senators, Congress men and women, tell them to support Rand. Tell the news to support Rand too Senator Rand Paul was up until <a href=""http://www.youtube.com/watch?v=pRpeEdMmmQ0&amp;t=1m00s"">1:00</a> am this passed Saturday morning fighting for our Constitution buy postponing the vote until this week. Our Constitution Matters join Rand in the fight to protect <a href=""http://it.ht"">it.ht</a> to privacy in your home and business.. Senator Rand Paul was up until <a href=""http://www.youtube.com/watch?v=pRpeEdMmmQ0&amp;t=1m00s"">1:00</a> am this passed Saturday¬† morning fighting for our Constitution buy postponing the vote until this week. Our Constitution Matters To All Of US, Help Rand Protect It by joining the fright for it.Ôªø"
32,marko kacar best song in worldÔªø
33,ovidiu mitricioiu BEAUTIFUL
34,Agung Handono Susilo Good song:-)Ôªø
35,Nimesh Nambiar She&#39;s such an awesome entertainer. And pretty too! &lt;3 Shakira!Ôªø
36,‚Ä´ÿ≠ŸÑŸÖ ÿßŸÑÿ¥ÿ®ÿßÿ®‚Ä¨‚Äé Check out this video on YouTube:Ôªø
37,Zcoria Kelly Love this songÔªø
38,Spider Girl Love this song! My soccer team made a cd for our couch with this song on it!Ôªø
39,Ernest Foli fave songÔªø
40,Laura Gray Watching in 2015Ôªø
41,Trygve Nilsen I felt old when I realized that this song was 5 years old...Ôªø
42,–°–µ—Ä–≥–µ–π –ê–Ω–¥—Ä–µ–µ–≤–∏—á love Shakira!Ôªø
43,adey lanre One of the best song of all the timeÔªø
44,bossdon redhouse I really am madly in love with this woman!!Ôªø
45,Eidya Pal i totally love this song. absolutely fantastic! i love ya shakira!Ôªø
46,Ed Garcon im still watching in 2015Ôªø
47,rachel perez the song is sadÔªø
48,Ibtihal Baho gooodÔªø
49,Viv Varghese The best FIFA world cup song for sure.Ôªø
50,Thiago Andrade Nice v√≠deo shakira goodÔªø
51,"Abdullah Fawzi coby this USL and past :<br /><a href=""http://adf.ly"">http://adf.ly</a> /1HmVtX<br />delete space after yÔªø"
52,"Abdullah Fawzi see this<br /><a href=""http://adf.ly"">http://adf.ly</a> /1HmVtXÔªø"
53,Nash Alema Waka wakaÔªø
54,Russian soldier sniper she is beautiful but it is not American!Ôªø
55,Toby Bywater Thumbs up if your watching in 2015Ôªø
56,Mohammed Yousef ILOVETHISSONGÔªø
57,JH Simene Subscribe me please. i&#39;ll promise i&#39;ll sub backÔªø
58,MmmHmmm Lamest World Cup song ever! This time FOR Africa? You mean IN Africa. It wasn&#39;t a Live Aid event or something. She made it seem like a charity case for them instead of a proud moment. Where¬†was Ricky Martin when you needed him! SMHÔªø
59,Angelica Figueroa My friend Sam loves this songüòäüòäüòäüòäüòäüòäüòäüòäüòäüòäüòäüòäüòäüòäüòäüòäüòäüòäüòäüòäüòäüòäüòäüòäüòäüòäüòäüòäüòäüòäüòäüòäüòäüòäüòäüòäüòäüòäüòäüòäüòäüòäüòäüòäüòäüòäÔªø
60,Syed Akbar Ali Check out this video on YouTube:Ôªø
61,Oreoluwa Ajjayi I love youÔªø
62,"Eric Gonzalez To help shakira become the first female to hit 1billiom views, I&#39;ve decided to watch this Video at least one a day. Everyday! Shakifans we r so close just hit the replay button !!!Ôªø"
63,‚Ä´ŸÉŸäŸÉŸá Ÿàÿ≥ÿ™ÿßŸäŸÑŸä ŸÅŸäŸÉŸá ŸÉŸäŸÉŸá Ÿàÿ≥ÿ™ÿßŸäŸÑŸä ŸÅŸäŸÉŸá‚Ä¨‚Äé ILove shakira Ôªø
64,Tierra Carbon It was cool the best song ever Ôªø
65,Lala Ella OMG LISTEN TO THIS ITS SOO GOOD!! :DÔªø
66,Alexander Solli My uncle said he will stop smoking if this comment gets 500 likes! Please like this comment! Thanks.Ôªø
67,Arvind Pandey nice songÔªø
68,Abdou Abdou waka wakaÔªø
69,MOHAMED THASLEEM super musicÔªø
70,Haolin Tan How could 108k people dislike this song or videoÔªø
71,Lupitaochoa Dieciseis Love it!!!!!!!!!!!!!!!!üíúÔªø
72,Carmen W I swear Shakira keeps getting more and more gorgeous! She definitely looks more gorgeous with her hair this way than super curly.Ôªø
73,Hamilton44 Youtube comments be like<br />This is so 5 years ago. Ôªø
74,Leedl bagginshield it pisses me off a bit that blank space has more views (868 mio) than this. meh Ôªø
75,Athena Gomez Your the best‚ô£‚ô•Ôªø
76,Athena Gomez I love you ;pÔªø
77,Anastasia Trevla I love Shakira !!!!!! ‚ù§üéµüé∂üéºüé∏Ôªø
78,"Jessica Onyekwere This song is special, because is a song for Africa and I am an African Ôªø"
79,GamingWith Kim &lt;3 this song so much.SHAKIRA YOUR A REALLY GOOD ARTIST.Ôªø
80,Raphael Lipusch I love shakira<br />‚ù§‚ù§‚ù§‚ù§Ôªø
81,"rtfamily Definitley the song for 2010 when im not listening to gypsy SHAKIRA ROCKS<br /><span class=""proflinkWrapper""><span class=""proflinkPrefix"">+</span><a class=""proflink"" href=""https://plus.google.com/101721377578919894134"" oid=""101721377578919894134"">shakiraVEVO</a></span>Ôªø"
82,KAM IL I remember that torunament like it was today.Ôªø
83,Madalynn Miller Thank you. Please give your email.¬†Ôªø
84,ashwini praveena beautifulÔªø
85,Karol Martinez Restrepo Martinez LikeÔªø
86,"Hidayet √ñzsoy Shakira you are so beautiful. You are lovely, lively.. We love you.Ôªø"
87,–†—É—Å—Ç–µ–º –ê—Ö–º–µ—Ç–æ–≤ GREAT!!!Ôªø
88,Orlando Saeroon Best World Cup SongÔªø
89,redouane najja Fuck it was the best ever 0687119038 nummber of patrik kluivert his son share !Ôªø
90,Manish Ray This song is so beauty
91,Misako Detenamo I heard this when I was only 6 years old and I still love itÔªø
92,Naseeb Jan nice songÔªø
93,Martis Zelvis waka waka:-):-):-)Ôªø
94,alejandro rojas Oh my god go to 1 billion of replay i love shakiraÔªø
95,Dunrell Pinder i love herÔªø
96,Angie Vazquez I love this song &amp;I love shakira&lt;333‚ô°‚ô°‚ô°‚ô°‚ô°‚ô°‚ô°‚ô°‚ô°‚ô°‚ô°„Ää33‚òÜ‚òÜ‚òÜÔªø
97,Hermen De Greef Yea stil the best WK song ever<br />Thumbs up of you think the same<br />Ôªø
98,bilal bilo I liked<br />Ôªø
99,twee gekkos I like this song Ôªø
100,Robin Turnbull i like it :)Ôªø
101,Jobs Ho ‰ΩïÁ•ØÂñ¨ Waka waka !!!Ôªø
102,Lucia Scarlet Amazing songÔªø
103,Wiki Smolinska Cool song Ôªø
104,black tiger i love u¬† shakiraÔªø
105,Octavia W Waka waka Ôªø
106,Elena Macchiaverna this song sucksÔªø
107,The Emerald Minecraft Lol I love this songÔªø
108,Shakira Forever ShakiraÔªø
109,AlabaGames Subscribe my channel ¬†I RECORDING FIFA 15 GOALS WATCH NOW :DÔªø
110,Tillolo79 Wow...5 years<br />Ôªø
111,Free Video Tv subscribe to me and I wil subscribe to you backÔªø
112,Olda87 CZ You best singerÔªø
113,–î–º–∏—Ç—Ä–∏–π –ì–∞–≤—Ä–∏–ª–æ–≤ 5 years soon!Ôªø
114,Berthe Etale Bengue LikeÔªø
115,liliana ciancio Wanderfol is love or miusicÔªø
116,Diego Donzelli waka wakaÔªø
117,Debora Favacho (Debora Sparkle) BEST SONG EVER X3333333333Ôªø
118,"ÊûóÊÄùÈ≥≥ Very pleasant to hear, haha, good.Ôªø"
119,Mahya Roohi love!!!!Ôªø
120,strong heart wow
121,Ec Martinez Waka waka eh ehÔªø
122,Napoleon Maldia Cutie girl and beautiful song
123,Camila Rodrigues Love you shkiraÔªø
124,"Trollsif Stalin I believe that soccer promotes terrorism. Bad choice, Shakira.Ôªø"
125,Ayano Hattori I loved this song when I was in my teenage years!Ôªø
126,John Wilkie Lip synch is terribleÔªø
127,"Lili‚ô• Shakira is different :) She is so happy all the time and she is spending for Africa :)<br />She can dance , sing and she speaks 4 languagesÔªø"
128,Lucas Bonini Gusttavo Lima Voc√™ n√£o me conhece <br />Check outÔªø
129,ibrahim kula Best world cup offical songÔªø
130,THE GAMER OF TOMORROW 5 years ago damn Ôªø
131,Basanagowda Policepatil Very nice
132,"Ruchira Naidu Help shakira&#39;s waka waka be the first song by a female artist to reach 1 billion views.<br />(dark horse is ahead by roughly 100 million more views, and roar has only 50 million more views)<br /><a href=""https://www.youtube.com/watch?v=pRpeEdMmmQ0"">https://www.youtube.com/watch?v=pRpeEdMmmQ0</a>Ôªø"
133,Play Now like meÔªø
134,vimal singhania SHAKIRA SONG WAKA WAKAÔªø
135,Dara O So underrated better<br />Than Katy perry :/ but in not saying Katy is bad but she has no meaning to her songs. Shakira has<br />Meaningful songs these are the songs which bring memories and vibe&#39;s. I will miss it. <br /> Ôªø
136,Samuel Hsu I love this song and expect the World Cup .Ôªø
137,Matheus Ribeiro Good times ...Ôªø
138,"LiveLikeLien x It makes me happy instantly, and makes me forgot everything bad happening!Ôªø"
139,LiveLikeLien x Love this song so much! One of my faves! XxxÔªø
140,"Kalle Eklund Hi, nice song Shakira! (Sorry for bad Brazilian)Ôªø"
141,Mohamed Anhari BEST SONG! GO SHAKI :DÔªø
142,SmokinBlue THIS IS SHIT AND SOOOOO AUTOTUNEDÔªø
143,Tomke Brate ....I stil lisening this :)Ôªø
144,KILLER SVK sexy shakiraÔªø
145,LaiLa Steudle I love you Shakiria!!!!!!Ôªø
146,LaiLa Steudle Me and my aunt love this song!!!!!Ôªø
147,nosa bella I subscribed it<br />Ôªø
148,C Williams Check out this playlist on YouTube<br />Ôªø
149,Lizle Productions Top three Shakira songs (my choice) <br /><br />1- Waka Waka (it&#39;s time for Africa)<br /><br />2- Can&#39;t remember to forget you <br /><br />3- Empire<br /><br />Like this comment if u like Shakira Ôªø
150,gamila Khalil Check out this video on YouTube:Ôªø
151,Nancy Kiragu Check out this playlist on YouTube:Central Ôªø
152,"RezAIIDay If you could take time &amp; spare a min to read this, then thank you.¬†<br /><br />Im a rapper, if we&#39;re gonna be honest theres thousands maybe even millions<br /><br />of those in the world but not too many with ambition, dedication &amp; passion.<br /><br />I don&#39;t have money for huge YouTube advertisements or incredible music videos<br /><br />so all im left with is comments to expose my music.<br /><br />If you could take a moment and give me a chance ill make you a believer<br /><br />I would love? nothing more than a loyal following on YouTube. For anyone who¬†<br /><br />Reads this could you press the &quot;THUMBS UP&quot; ¬†others will see it.<br /><br />Doing so will help me push closer to my dream :) Thank YouÔªø"
153,GALAXIAN HD please visit my channelÔªø
154,‚Ä´ÿßŸÜÿ≥ ÿßŸÑÿ∫ÿßŸÖÿØŸä‚Ä¨‚Äé Pleas subscribe my channel GamezZMTAÔªø
155,GamezZ MTA Pleas subscribe my channelÔªø
156,joory amora Pleas subscribe GamezZ MTA my channel<br />Ôªø
157,"Simon Morales cool song check out my animal trafficking petition.<br /><a href=""http://www.thepetitionsite.com/387/433/550/stop-animal-trafficking/?cid=headerClick"">http://www.thepetitionsite.com/387/433/550/stop-animal-trafficking/?cid=headerClick</a>Ôªø"
158,Felipe Browne Check out this video on YouTube: Ôªø
159,CliP ArT shoW Subscribe and Win a CAP<br /> ‚òÜ‚òÜ‚òÜ‚òÜ‚òÜÔªø
160,Pauline Martinez Check out this playlist on YouTube:Ôªø
161,Hawa Bah Hey guys love this but check out this girl name cause she knows how to dance so search up ej ba dancing.Ôªø
162,"Si Ham if you want to win money at hopme click here¬†<a href=""https://www.paidverts.com/ref/sihaam01"">https://www.paidverts.com/ref/sihaam01</a> it&#39;s work 100/100Ôªø"
163,GALAXIAN HD i am from Brazil please subscribe my channel love you allÔªø
164,Robloxia Asap Could Spanish people understand this?<br /><br />Any way&#39;s I how you doing subscribe to me I brake things<br /><br />-_-Ôªø
165,How To PLEASSSSSSSSSSSSSSSS SUBSCRIBEEEEEEEEEE MY CHANNNNNNELLL PLZZÔªø
166,mariam shoja Check out this video on YouTube:Ôªø
167,"Marius Dima New way to make money easily and spending 20 minutes daily --&gt; <a href=""https://www.paidverts.com/ref/Marius1533"">https://www.paidverts.com/ref/Marius1533</a>Ôªø"
168,Jet Lee There are beautiful songs please subscribeÔªø
169,500 Subscribers with no videos? Can this channel get 500+ subscribers? You can make that happen :DÔªø
170,"Ali Reza Nipu I really love watching football and also I‚Äôve started off making income with out financial risk from acquiring bonus deals. It‚Äôs this weird technique where you wager on something with one bookmakers and bet against it on Betfair. You secure the bonus as income . A chap named Jim Vanstone is finding the wagers free on his own website Vanstone Secrets (Google it!). I‚Äôve made about 500 quid thus far. And it is cost-free. I guess the bookies pay him to obtain new consumers, yet this actually works."
171,angela pollman and how many subscribers compared to her over a million
172,"mile panika I absolutely adore watching football plus I‚Äôve started earning income with out risk from claiming bonus deals. It‚Äôs a weird technique where you put money on something with one bookmakers and put money against it on Betfair. You acquire the bonus as income . A lad named Jim Vanstone is selecting the wagers free on his website Vanstone Secrets (Google it!). I have generated about 600 quid so far. And it‚Äôs free. I assume the bookmakers pay him to get new men and women, but it succeeds."
173,AllDailyVines hahahahah ‚ô•‚ô•‚ô•‚ô• :D like vines ? Subscribe to me for daily vines
174,"prem kumar Hi there, have you heard about DribbleProShot? Just do a search on Google. On their web site you can watch a smart free video featuring the best way to significantly boost your football aka soccer skills in no time... It turned Nick into a much better football or soccer player...His team mates were definitily amazed! I hope it will help you also..."
175,"rijia babu Hey, have you tried &quot;DribblePROshot&quot; yet? Just do a search on Google. On their website you will find a useful free video demonstrating the right way to enormously improve your soccer or football skills in no time... It transformed Fausto into a substantially better football/soccer player...to the amazement of his team mates. Hopefully it works for you too."
176,"lildeneiro Still amazing this song!! I did a French Kpop Parody. Please come on my Channel to watch it. Share, suscribe, comment Thanks"
177,real money subscribe to my feed
178,AllDailyVines :D subscribe to me for daily vines
179,"celebsongspoof Hey guys whats up? I found this app that lets you get free gift card vouchers like psn cards,X-box live cards and even amazon gift cards. For free! All you have to do is simply just download the app from the app store. It is called juno wallet. All you have to do is just sign up for the app and then complete a few surveys or just download some other free apps and you get money like 10 cents. Also, if you type in the code IM2458444. You will also start off with $0.25 free!! "
180,"Laura Brown You guys should check out this EXTRAORDINARY website called FIREPA.COM . You can make money online and start working from home today as I am! I am making over $3,000+ per month at FIREPA.COM ! Visit FIREPA.COM and check it out! Lake . Duzafizz . Singlewave . Spourmo . Burder . Colorful . Claster . Incandescent . Ambitious . Winooze . Absorbing . Macabre . Crestboot . Boxium . Womanly . Tan . Ybuwyn . Forgetful . Pepelexa . Zealous"
181,FreshisYummy Waka Waka!:D Check out my new HALLOWEEN VIDEO!:)
182,Ferdi David we are 14 year old boys we are trying to enter in the music industry Maybe we are just a dreamers but we are not the? only one. Please give us one chance to prove ourself to you. we know these things are annoying as hell we are sorry? about that. But we do anything to get music heard. Please visit our channel subscribe if you like and thumb this comment up so everyone can see we have made a song called: I Wanna Play A Game please take a look on our channel Thankss!!!
183,Ishfaq khan plz i wilsubscribe me frndzzl subscribe u back
184,"Derek Moya You guys should check out this EXTRAORDINARY website called MONEYGQ.COM . You can make money online and start working from home today as I am! I am making over $3,000+ per month at MONEYGQ.COM ! Visit MONEYGQ.COM and check it out! Why does the fragile swim enlist the person? How does the ice audit the frequent son? The fantastic chance describes the rate."
185,VideoPro SUBSCRIBE ME AND I REQUITE
186,"James Cook Stop Wasting Up Your Time and Get Paid To Mess Around On Facebook And Twitter! GET PAID UPTO $25 to $35 AN HOUR... Only at 4NetJobs.com Work from the Comfort of your Home... We are Currently Hiring People from all Over the World, For a Wide Range of Social Media Jobs on Sites such as Facebook,Twitter and YouTube. You don&#39;t Need any Prior Skills or Experience and You can Begin Work Immediately! You Can Easily Make $4000 to $5000+ Monthly Income‚Ä¶Only at 4NetJobs.com"
187,Mayla Stephens I love this!!!!! This is one of my fave songs now and I just subscribed :) :) :)
188,"Scott Johnson You guys should check out this EXTRAORDINARY website called ZONEPA.COM . You can make money online and start working from home today as I am! I am making over $3,000+ per month at ZONEPA.COM ! Visit Zonepa.com and check it out! Why does the statement conciliate the acidic stretch? The earth recognizes the money. When does the numberless number transport the trade?"
189,HowToMakeALotOfMoneyFast How To Make A Lot Of Money Fast
190,link chick visit &quot; ww estiloproduction com &quot; best website to make money
191,BloggerGaming2229 Message : GTA V $20 FIFA 14 $15 PS4 $200 Galaxy S4 mini $250 Ipad 4 $200 visit the site hh.nl
192,"James Cook Stop Wasting Up Your Time and Get Paid To Mess Around On Facebook And Twitter! GET PAID UPTO $25 to $35 AN HOUR... Only at 4NetJobs.com Work from the Comfort of your Home... We are Currently Hiring People from all Over the World, For a Wide Range of Social Media Jobs on Sites such as Facebook,Twitter and YouTube. You don&#39;t Need any Prior Skills or Experience and You can Begin Work Immediately! You Can Easily Make $4000 to $5000+ Monthly Income‚Ä¶Only at 4NetJobs.com"
193,Steven Slater Being paid to respond to fast paid surveys from home has enabled me to give up working and make more than 4500 bucks monthly. To read more go to this web site bit.ly\1bSefQe
194,"James Cook Hello Guys...I Found a Way to Make Money Online You Can Get Paid To Mess Around On Facebook And Twitter! GET PAID UPTO $25 to $35 AN HOUR...Only at 4NetJobs.com Work from the Comfort of your Home... They are Currently Hiring People from all Over the World, For a Wide Range of Social Media Jobs on Sites such as Facebook,Twitter and YouTube You don&#39;t Need any Prior Skills or Experience and You can Begin Work Immediately! You Can Easily Make $4000 to $5000+ Monthly Income‚Ä¶Only at 4NetJobs.com"
195,"Louis Bryant You guys should check out this EXTRAORDINARY website called ZONEPA.COM . You can make money online and start working from home today as I am! I am making over $3,000+ per month at ZONEPA.COM ! Visit Zonepa.com and check it out! The meat discusss the successful memory. How does the peaceful unit arbitrate the guide? The addition designs the worried loss."
196,"Louis Bryant You guys should check out this EXTRAORDINARY website called ZONEPA.COM . You can make money online and start working from home today as I am! I am making over $3,000+ per month at ZONEPA.COM ! Visit Zonepa.com and check it out! How does the mother approve the axiomatic insurance? The fear appoints the roll. When does the space prepare the historical shame?"
197,"Louis Bryant You guys should check out this EXTRAORDINARY website called ZONEPA.COM . You can make money online and start working from home today as I am! I am making over $3,000+ per month at ZONEPA.COM ! Visit Zonepa.com and check it out! The plausible summer submits the behavior. When does the grass check the peaceful seat? The country strategizes the edge."
198,The NeedleWork Check out my channel :)
199,high tems subscribe my
200,"James Cook Hello Guys...I Found a Way to Make Money Online You Can Get Paid To Mess Around On Facebook And Twitter! GET PAID UPTO $25 to $35 AN HOUR...Only at 4NetJobs.com Work from the Comfort of your Home... They are Currently Hiring People from all Over the World, For a Wide Range of Social Media Jobs on Sites such as Facebook,Twitter and YouTube You don&#39;t Need any Prior Skills or Experience and You can Begin Work Immediately! You Can Easily Make $4000 to $5000+ Monthly Income‚Ä¶Only at 4NetJobs.com"
201,Merabi Mazmaniani Please visit this Website: oldchat.tk
202,Merabi Mazmaniani Please visit this Website: oldchat.tk
203,"Anderson St. Martin Hello everyone my name&#39;s Anderson and i&#39;m a singer. not expecting to buy subscribers with words BUT to gain them with my voice. I might not be the best but my voice is different (in a good way) and i&#39;ll work harder than anyone out there to get better, &#39;cuz &quot;yeah&quot; i have a dream a HUGE one, (who doesn&#39;t?) so please take 3 minutes of your time to check out my covers. Give me a chance you won&#39;t regret it If you feel like subscribing that&#39;d be awesome and it&#39;d mean the world to me THANK YOU SO MUCH"
204,latrell brown Check Out Daneja Good Girl
205,"OnlineJobs99 Hello Guys...I Found a Way to Make Money Online You Can Get Paid To Mess Around On Facebook And Twitter! GET PAID UPTO $25 to $35 AN HOUR...Only at 4NetJobs.com Work from the Comfort of your Home... They are Currently Hiring People from all Over the World, For a Wide Range of Social Media Jobs on Sites such as Facebook,Twitter and YouTube You don&#39;t Need any Prior Skills or Experience and You can Begin Work Immediately! You Can Easily Make $4000 to $5000+ Monthly Income‚Ä¶Only at 4NetJobs.com"
206,WhatUKnow Subscribe to my Youtube Channel!! :) Suscribite a mi canal de Youtube -WhatUKnow
207,jameskileymusic Check out my bass cover of hips don&#39;t lie by shakira!
208,WhatUKnow Subscribe to my channel :) &lt;3
209,Hadrien Robalo Marques The britishs called that soccer but you know the true word is football and the US Foot is called rugby. That works like that in EUW ( Germany/ Netherland/ France/ Portugal/ Belgium/ Spain/ ... ) Just because the Britishs don&#39;t agree to be like us because they are UNIQUE. That&#39;s the reason why they also refused to have euro (‚Ç¨) as money
210,Su Xianfeng subscribe now!!!!!! love the song!!!!!! love football!!!
211,tyler sleetway so beutiful
212,tyler sleetway so beutiful
213,Gabriella Korotasz She&#39;s so pretty
214,Masreya .. I like
215,5000palo She is perfect
216,emoclew71 1 753 682 421 GANGNAM STYLE ^^
217,Capo Crimini Your a fucking bitch
218,WhipCreamOnTop this song is racist
219,Od√≠n000 Where are Shakifans?
220,Aliens Studios like!!!!!
221,5000palo I want new song
222,Alain Bruno Shakira is perfect
223,5000palo Shakira :-*
224,Directioner For Life I remember this :D
225,Tydings Jay Waka waka
226,mermskg This makes me miss the world cup
227,ranferi delgado best song eva
228,jack nons I love it
229,"Ryan Alexander Osborn Believe that Jesus Christ is your savior for all your sins. If you truly believe in Jesus Christ to be your savior for all your sins then you will go to Heaven. If you believe in Jesus Christ then you are saved and you are in salvation and you have gained God‚Äôs righteousness. It matters not how much you have sinned in the past, in the present and especially in the future. Believe that Jesus Christ is your savior and you will go to Heaven forever and that is the whole truth. Spread the truth. "
230,"Pyles Baxter Perhaps you have seen the newest Miley Cyrus SECRET video ? She&#39;s sucking an old man&#39;s cock , If you wish to see her , check out the celebrity website beneath : miley-secret-video.co.uk "
231,"Pyles Baxter Haha , Miley Cyrus has done it once again Today someone leeched a porno video with her on a celeb site I believe the website link is : miley-celeb-news.co.uk in case you want to view it.... "
232,"Pyles Baxter I really can&#39;t comprehend Miley Cyrus , she actually is a high profile and she tapes herself banging Today a video was leeched with her sucking and fucking The video has been posted at the celebrity website under : miley-celeb-news.co.uk "
233,lauren sophie her voice is so wow!
234,5000palo Shakira :-*
235,ben mashall :)
236,salama al jadeedi wow
237,Abdullah Alawani I love you
238,Minh L√Ω i like and love so much people all friends..... I love Shakira ^^
239,Kenji Bustalinio :)
240,Chris Williams Shakira I love you
241,‡∏ô‡πâ‡∏≥ ‡∏£‡∏¥‡∏ô beautiful
242,Alain Bruno Shakira is very beautiful
243,annabelle dalal She is good
244,viginas smell like fish God she is so hot
245,Juan Martinez She is perfect! &lt;3
246,mirzet beganovic Wow
247,Trang Le Shakira voice sound spanish but that is what make the music sound amazing ‚ô•I LOVE IT
248,latrell brown CHECK OUT DANEJA GOOD GIRL
249,42o2 Studios Check out my covers please!
250,"Shadrach Grentz Hey Music Fans I really appreciate any of you who will take the time to read this, and check my music out! I&#39;m just a 15 year old boy DREAMING of being a successful MUSICIAN in the music world. I do lots of covers, and piano covers. But I don&#39;t have money to advertise. A simple thumbs up to my comment, a comment on my videos or a SUBSCRIPTION would be a step forward! It will only be a few seconds of your life that you won&#39;t regret!!! Thank u to all the people who just give me a chance! :) "
251,"Vincent T. Echa un vistazo a la remezcla! / Check out the remix! MILEY CYRUS - WRECKING BALL (THE HOUSE OF EDM REMIX) MILEY CYRUS - WRECKING BALL (VINCENT T. REMIX) ...click, enlace, suscr√≠base! / ...click, link, subscribe!"
252,RanMC & RVNNIN' RVNN Hey check out our new musicvideo &#39;&#39;Life&#39;s a celebration&#39;&#39; Peace !
253,Hidden Love Hi. Check out and share our songs.
254,Noise‚ÄãBreak Subscribe &amp; Like /watch?v=5tu9gN1l310
255,Finuccsi Aka csincsilla3M /watch?v=Dtqcftr1Fac JUSTIEN BIEBER CAR 2013. LIKE&amp;SUBSCRIBE
256,killtheclockhd check out our bands page on youtube killtheclockhd - check out some of our original songs including &quot;your disguise&quot;
257,The-ZiZ Oh HI! CHECK OUT OUR AWESOME COVERS! AND SAY WHAT YOU THINK!
258,"Greg Fils Aim√© I hope everyone is in good spirits I&#39;m a hard working student who&#39;s also a passionate singer I look foward to the day when I can make my own music to share But for now I&#39;ve just been doing covers. Check out my channel, I&#39;ve done Covers of Miley Cyrus, Imagine Dragons, Lana Del Rey, Drake, Macklemore, Pink and countless others. Subscribe only if you want to. My goal isn&#39;t to become famous but to inspire FYI this isn&#39;t spamming, everyone has a right to freedom of speech. Thanks "
259,Mohammad Dorri please visit our web: wellcomemd.blogfa.com
260,Lizzy Molly PLEASE CHECK OUT MY VIDEO CALLED &quot;WE LOVE MIND MASTER IT&quot; THANKS
261,5000palo She is perfect
262,DizzyDank314 ÔΩàÔΩîÔΩîÔΩê://ÔΩóÔΩóÔΩó.ÔΩÖÔΩÇÔΩÅÔΩô.ÔΩÉÔΩèÔΩç/ÔΩïÔΩìÔΩí/ÔΩìÔΩàÔΩèÔΩÖÔΩÉÔΩèÔΩåÔΩåÔΩÖÔΩÉÔΩîÔΩèÔΩí314
263,Trulee IsNotAmazing Beautiful song beautiful girl it works
264,5000palo Shakira :-*
265,brooke louise OMG LOVE THIS!
266,John Jones Ouf Ouf OUFFFFFFFFFFFFFFFFFF!!!!!!!! :)
267,jundi sahibol awesome
268,ernesta gerikaite cool
269,TheBoss This Song will never get old
270,Bold Skud I always have goose bumps at that part
271,Gintoki Sakata Love it
272,Alaa Foad I love this song
273,"Frans Kraanen I want to see Shakira, not football :)"
274,TAKAHASHI KAITO good!!
275,dili bair Recommend: Apple iPad 4th Gen 32GB Unlocked Wi-Fi+4G 9.7in White Price:$390 Apple iPhone 5 (Latest Model) - 32GB - Black Price:$385 Samsung Galaxy S4 S IV 4 with 16GB New White Price:$360 Sony 60-inch 3D LED HDTV Price:$510 All-in-One PCs: Apple MacBook Pro: Apple MacBook Air Price:$320 Camera :Nikon D90 SLR Camera /18-55mm /55-200mm 32GB Price:$390 Ultrabooks: SONY VAIO Pro 13 Intel Core i5 4GB 128GB Price:$515 +++++++++++++++ Purchase online Website is: Taaee.com
276,Charanjeet Singh &quot;HELP THE HUMANITY WITH YOUR SIGN IN TO THIS LINK WITH YOUR WHOLEHEARTED SUPPORT IF YOU SAY &quot;NO&quot; TO DISCRIMINATION. ‚ÄúUNITED WE STAND ‚Äú WE WILL BRING THE CHANGE TOGETHER. IMPOSSIBLE ITSELF SAYS I M POSSIBLE&quot; YOU ARE THE WINNERS OF MY SUCCESS!CHEERS TO ALL MY LOVING BROTHERS AND SISTERS ! PLEASE SHARE THIS LINK ON FACEBOOK TO SUPPORT AGAINST DISCRIMINATION. tinyurl(dot)com(slash)mxh2y77 FEAR NONE BUT GOD !!!
277,"Krystian Konrad More≈Ñski Part 5. Comforter of the afflicted, pray for us Help of Christians, pray for us Queen of Angels, pray for us Queen of Patriarchs, pray for us Queen of Prophets, pray for us Queen of Apostles, pray for us Queen of Martyrs, pray for us Queen of Confessors, pray for us Queen of Virgins, pray for us Queen of all Saints, pray for us Queen conceived without original sin, pray for us Queen of the most holy Rosary, pray for us Queen of the family, pray for us Queen of peace, pray for us "
278,"Krystian Konrad More≈Ñski Part 2. Holy Mary, pray for us Holy Mother of God, pray for us Holy Virgin of virgins, pray for us Mother of Christ, pray for us Mother of divine grace, pray for us Mother most pure, pray for us Mother most chaste, pray for us Mother inviolate, pray for us Mother undefiled, pray for us Mother most amiable, pray for us Mother most admirable, pray for us Mother of good counsel, pray for us Mother of our Creator, pray for us Mother of our Redeemer, pray for us "
279,Neeru bala Hi.. Everyone.. If anyone after real online work. I can help u. Earn lots of money. It&#39;s fun. It&#39;s real and affiliated company.. U not think u r working. It&#39;s easy and enjoyable. For more info contact me .. Neeru105@ gmail.com
280,Faisal Alqarny Nice song ^_^
281,timemastro1 god she is so sexy! drives me crazy!
282,jemy Abdulrahman WOw
283,arribasinaloa Beltran shakira is the best!
284,ÿßÿ≥Ÿäÿß ÿßŸÑÿÆŸàÿßÿ¨ÿ© Nice
285,fatiha el fallali Shakira
286,5000palo Shakira :-*
287,Charly Boy Toy the best!
288,"Wafence Hey Youtubers and All Music lover&#39;s, Guess most of you all skip these comments, but for you who is still reading this, thanks ! I dont have any money for advertisiments, no chance of getting heard, nothing. All that&#39;s left is spam, sorry. Im 17, Rapper/Singer from Estonia. Please listen my new cover on my account. You wont regret it. Give me just a chance, please. Take half a second of your life and thumb this comment up. It will maybe change my life, for real. Thank you Wafence "
289,david rodriguez do you want to make some easy money? check out my page tvcmcadavid.weebly . com dont miss out on this opportunity give thumbs up i would apprecitate it.
290,"Tiffanythebest PLEASE CHECK OUT THIS VIDEO CALLED &quot;WE LOVE MIND MASTER IT&quot;, THANK U :)"
291,How To Advertise On Facebook WAYS TO MAKE MONEY 50k Per Month Search google Now &gt;&gt; 9nl.me/make-money-without-investment-1
292,How To Make Money On Youtube Meet The Richest Online Marketer NOW CLICK : bit.ly/make-money-without-adroid
293,Maika Kate Mish Linn How did you know that people makes another account just for subscribing itself and liking??? :)
294,Maika Kate Mish Linn :) I&#39;ll subscribe to you. You look Nice :)
295,Chris Boatsome Hey dickwad - we&#39;re all africans. The colour of your skin just tells us something about how long ago your ancestors left Africa. Check out Baba Brinkman - he has a song called &quot;I&#39;m A African&quot; Go learn something.
296,Mini Mus WOW muslims are really egoistic..... 23% of the World population and not in this video or donating 1 dollar to the poor ones in Africa :( shame on those terrorist muslims
297,RapStarz Coleman Wats Good Go Check Out My Music On Da Channel Ik Yall Got me
298,RapStarz Coleman I Know Y&#39;all Can Check Out Amy Music Because Yall Got Me Go To Da Channel
299,Northland Paranormal Society Northland Paranormal Society is now on YouTube! Check out our channel of real Paranormal evidence!! facebook/ Northland Paranormal Society!!!
300,"Adam Whitney Hello everyone :) I know most of you probably pass up these kind of comments, but for those who are still reading this, thanks! I don‚Äôt have any money for advertisements, no chance of getting heard, nothing. I live in such a small town... If this comes off as spam, sorry. I‚Äôm an instrumental songwriter from Columbus, Mississippi. Please go to my channel and check out my original music. It would be highly appreciated if you thumbs up this comment so my music can be heard! Thank you, Adam Whitney "
301,Ando Nesia - | MC | Music Producer SO THEN HOW ARE YOU GOING TO CALL YOURSELF A INSTRUMENTAL SONGWRITER IF THERES NO SINGING THERES NO SONG TO WRITE!?!?! LOL. YOU GOT ALOT TO LEARN KID BUT HEY DON&#39;T FORGET TO SUBSCRIBE!
302,"Adam Whitney Hello everyone :) I know most of you probably pass up these kind of comments, but for those who are still reading this, thanks! I don‚Äôt have any money for advertisements, no chance of getting heard, nothing. I live in such a small town... If this comes off as spam, sorry. I‚Äôm an instrumental songwriter from Columbus, Mississippi. Please go to my channel and check out my original music. It would be highly appreciated if you thumbs up this comment so my music can be heard! Thank you, Adam Whitney "
303,CC FootballWorld Please go in and see our Channel and subscribe :-). It would be Nice mate.
304,henry Richardson wanna earn money online without investment.....just visit this link .....therglove.blogspot.in/2013/08/blog-post_10.html
305,"Adam Whitney Hello everyone :) I know most of you probably pass up these kind of comments, but for those who are still reading this, thanks! I don‚Äôt have any money for advertisements, no chance of getting heard, nothing. I live in such a small town... If this comes off as spam, sorry. I‚Äôm an instrumental songwriter from Columbus, Mississippi. Please go to my channel and check out my original music. It would be highly appreciated if you thumbs up this comment so my music can be heard! Thank you, Adam Whitney "
306,OriginalVines Best CHECK OUT THE DUBSTEP VERSION
307,How To Make Money On The Internet i can to make money
308,Gotcha Laughs Wanna Laugh??? Please SUBSCRIBE to our channel!!!
309,Diaz Katherine Earn money for being online with 0 efforts! bit.ly\14gKvDo
310,"Bernice Anne Could you please check out my covers on my channel? I do covers like Adele, Kodaline, Imagine Dragons...and more. Please if you could spare a few minutes, could you have a listen to one or two of my covers , Feel free to comment and subscribe :) Thank you! "
311,macgyver16 adf.ly /KlD3Y
312,Fiddle Me Silly Check out these Irish guys cover of Avicii&#39;s Wake Me Up! Just search... &quot;wake me up Fiddle Me Silly&quot; Worth a listen for the gorgeous fiddle player!
313,"DynamicDesignStudios Hello everyone :) I know most of you probably pass up these kind of comments, but for those who are still reading this, thanks! I don‚Äôt have any money for advertisements, no chance of getting heard, nothing... If this comes off as spam, sorry. I am a video animator, just trying to make it up into the video animation industry. Please give me the chance to prove myself to you. Please visit my channel, subscribe if you like and thumb this comment up, so everyone can see! Thank You! "
314,"DynamicDesignStudios Hello everyone :) I know most of you probably pass up these kind of comments, but for those who are still reading this, thanks! I don‚Äôt have any money for advertisements, no chance of getting heard, nothing... If this comes off as spam, sorry. I am a video animator, just trying to make it up into the video animation industry. Please give me the chance to prove myself to you. Please visit my channel, subscribe if you like and thumb this comment up, so everyone can see! Thank You! "
315,"DJ ROY Hey youtubers... I really appreciate all of you who took the time, to read this, I am just a 19 year old boy who wants to be a successful musician in the music world. I dont have any money to advertise my channel, If you could just visit my channel, comment on my video or subscribe, that would be great.... It will only be few seconds of your life..... Thank u to all the people who just gave me a chance l really appreciate it "
316,Mazacar Cfc subscribe to my pagee please.
317,Stan≈°a Matej please subscribe to my page. thanks.
318,"Edward Wright Hey, hit this shit up while yall can, they killed the versace remix. Just type in CGE &quot;Versace Freestyle (Get Money)&quot; Shot by Ja-Wan Gardner and help them reach 1 million views."
319,"Comedy Recipe Hey guys and girls check out Comedy Recipe for hilarious you tube videos, pranks, and crank calls!"
320,"Titan Subscribe me, I will? subscribe you back!!!"
321,"Titan Subscribe me, I will? subscribe you back!!!"
322,TheEpicMixx':)x Please.. Check my channel out:) I subscribe back..;)
323,TheEpicMixx':)x I really ask nicely to view my vids:) I subscribe back..
324,ricky swaggz ******* Facebook is LAME and so 2004! Check out ------------ swagFriends com Make thousands of cool new friends everyday! Join this new movement!
325,Hidden Love Hi. Check out and share our songs.
326,Tim Marrotte CHECK OUT partyman318 FR GOOD TUNEZ!! :D
327,"DJ ROY Hey youtubers... I really appreciate all of you who took the time, to read this, I am just a 19 year old boy who wants to be a successful musician in the music world. I dont have any money to advertise my channel, If you could just visit my channel, comment on my video or subscribe, that would be great.... It will only be few seconds of your life..... Thank u to all the people who just gave me a chance l really appreciate it "
328,"Shadrach Grentz Hey Music Fans I really appreciate any of you who will take the time to read this, and check my music out! I&#39;m just a 15 year old boy DREAMING of being a successful MUSICIAN in the music world. I do lots of covers, and piano covers. But I don&#39;t have money to advertise. A simple thumbs up to my comment, a comment on my videos or a SUBSCRIPTION would be a step forward! It will only be a few seconds of your life that you won&#39;t regret!!! Thank u to all the people who just give me a chance! :)"
329,"Shadrach Grentz Hey Music Fans I really appreciate any of you who will take the time to read this, and check my music out! I&#39;m just a 15 year old boy DREAMING of being a successful MUSICIAN in the music world. I do lots of covers, and piano covers. But I don&#39;t have money to advertise. A simple thumbs up to my comment, a comment on my videos or a SUBSCRIPTION would be a step forward! It will only be a few seconds of your life that you won&#39;t regret!!! Thank u to all the people who just give me a chance! :) "
330,"Shadrach Grentz Hey Music Fans I really appreciate any of you who will take the time to read this, and check my music out! I&#39;m just a 15 year old boy DREAMING of being a successful MUSICIAN in the music world. I do lots of covers, and piano covers. But I don&#39;t have money to advertise. A simple thumbs up to my comment, a comment on my videos or a SUBSCRIPTION would be a step forward! It will only be a few seconds of your life that you won&#39;t regret!!! Thank u to all the people who just give me a chance! :) "
331,Hidden Love Hi. Check out and share our songs.
332,Hidden Love Hi. Check out and share our songs.
333,Hidden Love Hi.Check out and share our songs.
334,"Shadrach Grentz Hey Music Fans I really appreciate any of you who will take the time to read this, and check my music out! I&#39;m just a 15 year old boy DREAMING of being a successful MUSICIAN in the music world. I do lots of covers, and piano covers. But I don&#39;t have money to advertise. A simple thumbs up to my comment, a comment on my videos or a SUBSCRIPTION would be a step forward! It will only be a few seconds of your life that you won&#39;t regret!!! Thank u to all the people who just give me a chance! :) "
335,"Anthony Lam Hey, I am doing the Forty Hour famine so I&#39;ll be giving up on food and social working for 40 hours. I&#39;m doing this to raise money for African people who can&#39;t experience the luxuries that we can. So can you donate to give them a chance? Any amount would do :) Click on the link and donate h t t p : / / 4 0 h f . c o m . a u / A n t h o n y L a m Thanks :)"
336,meg fluttershy Love itt and ppl check out my channel!!!
337,BDOG1040 SUBSCRIBE MY CHANNEL
338,macgyver16 adf.ly / KlD3Y
339,macgyver16 adf.ly / KlD3Y
340,damion taylor check out my new video
341,"Shadrach Grentz Hey Music Fans I really appreciate all of you who take time to read this, and check my music out! I&#39;m just a 15 year old boy DREAMING of being a successful MUSICIAN in the music world. I do lots of covers, and piano covers. But I dont have money to advertise. A simple thumbs up to my comment, a comment on my videos or a SUBSCRIPTION would be a step forward! It will only be a few seconds of your life that u won&#39;t regret!!! Thank u to all the people who just give me a chance it means a lot! :)"
342,"Joshua Kasey Hello everyone, It Is not my intention to spam and am truly sorry If anyone Is annoyed by this but just please hear me out. I am a rapper, singer, music producer and a song writer and have been making music for a while now, eight years to be exact. I enjoy making all types of music that anyone can listen to, doesn&#39;t have me talking about killing anyone and most importantly, focuses on the quality of the music. Please check out my page, It&#39;s only a click away. Thank you and have a nice day :)"
343,ricky swaggz ******* Facebook is LAME and so 2004! Check out ------------ swagFriends com Make thousands of cool new friends everyday! Join this new movement!
344,steven reed Please check out and send to others Freedom and Justice are on the line! Please Google: Steven L. Reed Case Lands in Supreme Court---thanks!
345,"Johnny Rei Vlog Nice to meet You - this is Johnny: 1. If You already know my music - thumb this up, because You found it this way, too. 2. If You want to hear original songs completely made by 1 person, continue reading: I sing, write original music+lyrics &amp; play guitar, bass, drums &amp; keyboards. I&#39;m a 1-man-band. My music is completely independent &amp; 100% listener-supported. If You want to hear it &amp; if You&#39;re willing to help record new album - click on my name/picture. Enjoy the music - wish You awesome day!"
346,yakikukamo FIRELOVER hey you ! check out the channel of Alvar Lake !!
347,"Johnny Rei Vlog Hi -this is Johnny: 1. If You already know my music - thumb this up, because You found it this way, too. 2. If You want to hear original songs completely made by 1 person, continue reading: I sing, write original music+lyrics &amp; play guitar, bass, drums &amp; keyboards. I&#39;m a 1-man-band. My music is completely independent &amp; 100% listener-supported. If You want to hear it &amp; if You&#39;re willing to help record new album - click on my name/picture. Thank You &amp; enjoy the music - wish You awesome day!"
348,hsn moghrbi wow
349,Zuzanna Sztandera Love this song!!!
350,Chelsea Fischer Love this song !!!!!!
351,Lisa Matthews Check out this video on YouTube:<br />&quot;This Time for Africa&quot;. One for Trayvon! And Our MOTHERland<br />Thank-you ShakiraÔªø
352,laura elliott i watched this because of the large amount of views and now i am convinced it is because that girl is so hot
353,"Riley Rollins O peoples of the earth, I have seen how you perform every form of evil at your leisure! You cease not from reveling in that which I hate! Behold, you murder the innocent day and night and plot evil against your neighbor! You stand up for the rights of those who commit abomination and clap your hands as wickedness is celebrated openly in the streets!... O MOST PERVERSE AND ABOMINABLE GENERATION, SHALL I NOT REPAY?! Hear the Word of The Lord - TrumpetCallOfGodOnline. co m"
354,Oona Sarlotta this song always gives me chills! :)
355,lynchee360 I love dis song!! 3
356,FAHAD KHAN I WILL NEVER FORGET THIS SONG IN MY LIFE LIKE THIS COMMENT OF YOUR HEARING THIS SONG FOR LIKE A YEAR!!!!!
357,ricky swaggz ********OMG Facebook is OLD! Check out -----------------&gt; swagFriends com Make thousands of cool new friends everyday! Join the movement!
358,"Shadrach Grentz Hey Music Fans I really appreciate all of you who take time to read this, and check my music out! I&#39;m just a 15 year old boy DREAMING of being a successful MUSICIAN in the music world. I do lots of covers, and piano covers. But I dont have money to advertise. A simple thumbs up to my comment, a comment on my videos or a SUBSCRIPTION would be a step forward! It will only be a few seconds of your life that u won&#39;t regret!!! Thank u to all the people who just give me a chance it means a lot! :)"
359,ThirdDegr3e **CHECK OUT MY NEW MIXTAPE**** **CHECK OUT MY NEW MIXTAPE**** **CHECK OUT MY NEW MIXTAPE*** ***CHECK OUT MY NEW MIXTAPE******CHECK OUT MY NEW MIXTAPE**** **CHECK OUT MY NEW MIXTAPE**** **CHECK OUT MY NEW MIXTAPE*** ***CHECK OUT MY NEW MIXTAPE******CHECK OUT MY NEW MIXTAPE**** **CHECK OUT MY NEW MIXTAPE**** **CHECK OUT MY NEW MIXTAPE*** ***CHECK OUT MY NEW MIXTAPE******CHECK OUT MY NEW MIXTAPE**** **CHECK OUT MY NEW MIXTAPE**** **CHECK OUT MY NEW MIXTAPE*** ***CHECK OUT MY NEW MIXTAPE****
360,ThirdDegr3e **CHECK OUT MY NEW MIXTAPE**** **CHECK OUT MY NEW MIXTAPE**** **CHECK OUT MY NEW MIXTAPE*** ***CHECK OUT MY NEW MIXTAPE******CHECK OUT MY NEW MIXTAPE**** **CHECK OUT MY NEW MIXTAPE**** **CHECK OUT MY NEW MIXTAPE*** ***CHECK OUT MY NEW MIXTAPE******CHECK OUT MY NEW MIXTAPE**** **CHECK OUT MY NEW MIXTAPE**** **CHECK OUT MY NEW MIXTAPE*** ***CHECK OUT MY NEW MIXTAPE******CHECK OUT MY NEW MIXTAPE**** **CHECK OUT MY NEW MIXTAPE**** **CHECK OUT MY NEW MIXTAPE*** ***CHECK OUT MY NEW MIXTAPE****
361,ThirdDegr3e **CHECK OUT MY NEW MIXTAPE**** **CHECK OUT MY NEW MIXTAPE**** **CHECK OUT MY NEW MIXTAPE*** ***CHECK OUT MY NEW MIXTAPE******CHECK OUT MY NEW MIXTAPE**** **CHECK OUT MY NEW MIXTAPE**** **CHECK OUT MY NEW MIXTAPE*** ***CHECK OUT MY NEW MIXTAPE******CHECK OUT MY NEW MIXTAPE**** **CHECK OUT MY NEW MIXTAPE**** **CHECK OUT MY NEW MIXTAPE*** ***CHECK OUT MY NEW MIXTAPE******CHECK OUT MY NEW MIXTAPE**** **CHECK OUT MY NEW MIXTAPE**** **CHECK OUT MY NEW MIXTAPE*** ***CHECK OUT MY NEW MIXTAPE****
362,Ysobel Schofield Waka waka she rules
363,TheHotChocolate she is sooooo beautiful!
364,Dinova Sharon well done shakira
365,Katie Mettam I love this song because we sing it at Camp all the time!!
366,Sabina Pearson-Smith I love this song for two reasons: 1.it is about Africa 2.i was born in beautiful south Africa
367,jeffrey jules wow
368,Aishlin Maciel Shakira u are so wiredo
369,Latin Bosch Shakira is the best dancer
